SrNo.,title,author,content,published_at,created_at,updated_at
1,Article 3,Jenny Smith,Content,2019-02-26 08:01:06 UTC,2019-03-01 05:01:06 UTC,2019-03-01 05:01:06 UTC
2,Article 4,Clara Oswald,Content,2019-02-26 09:01:06 UTC,2019-03-01 05:01:06 UTC,2019-03-01 05:01:06 UTC
3,Article 5,Jenny Smith,Content,2019-02-26 10:01:06 UTC,2019-03-01 05:01:06 UTC,2019-03-01 05:01:06 UTC
4,Article 6,Clara Oswald,Content,2019-02-26 11:01:06 UTC,2019-03-01 05:01:06 UTC,2019-03-01 05:01:06 UTC
5,Article 7,Jenny Smith,Content,2019-02-26 12:01:06 UTC,2019-03-01 05:01:06 UTC,2019-03-01 05:01:06 UTC
6,Article 8,Clara Oswald,Content,2019-02-26 13:01:06 UTC,2019-03-01 05:01:06 UTC,2019-03-01 05:01:06 UTC
7,Article 9,Jenny Smith,Content,2019-02-26 14:01:06 UTC,2019-03-01 05:01:06 UTC,2019-03-01 05:01:06 UTC
8,Article 10,Clara Oswald,Content,2019-02-26 15:01:06 UTC,2019-03-01 05:01:06 UTC,2019-03-01 05:01:06 UTC
9,Article 11,Jenny Smith,Content,2019-02-26 16:01:06 UTC,2019-03-01 05:01:06 UTC,2019-03-01 05:01:06 UTC
10,Article 12,Clara Oswald,Content,2019-02-26 17:01:06 UTC,2019-03-01 05:01:06 UTC,2019-03-01 05:01:06 UTC
11,Article 13,Jenny Smith,Content,2019-02-26 18:01:06 UTC,2019-03-01 05:01:06 UTC,2019-03-01 05:01:06 UTC
12,Article 14,Clara Oswald,Content,2019-02-26 19:01:06 UTC,2019-03-01 05:01:06 UTC,2019-03-01 05:01:06 UTC
13,Article 15,Jenny Smith,Content,2019-02-26 20:01:06 UTC,2019-03-01 05:01:06 UTC,2019-03-01 05:01:06 UTC
14,Article 16,Clara Oswald,Content,2019-02-26 21:01:06 UTC,2019-03-01 05:01:06 UTC,2019-03-01 05:01:06 UTC
15,Article 17,Jenny Smith,Content,2019-02-26 22:01:06 UTC,2019-03-01 05:01:06 UTC,2019-03-01 05:01:06 UTC
16,Article 18,Clara Oswald,Content,2019-02-26 23:01:06 UTC,2019-03-01 05:01:06 UTC,2019-03-01 05:01:06 UTC
17,Article 19,Jenny Smith,Content,2019-02-27 00:01:06 UTC,2019-03-01 05:01:06 UTC,2019-03-01 05:01:06 UTC
18,Article 20,Clara Oswald,Content,2019-02-27 01:01:06 UTC,2019-03-01 05:01:06 UTC,2019-03-01 05:01:06 UTC
19,Article 21,Jenny Smith,Content,2019-02-27 02:01:06 UTC,2019-03-01 05:01:06 UTC,2019-03-01 05:01:06 UTC
20,Article 22,Clara Oswald,Content,2019-02-27 03:01:06 UTC,2019-03-01 05:01:06 UTC,2019-03-01 05:01:06 UTC
21,Article 23,Jenny Smith,Content,2019-02-27 04:01:06 UTC,2019-03-01 05:01:06 UTC,2019-03-01 05:01:06 UTC
22,Article 24,Clara Oswald,Content,2019-02-27 05:01:06 UTC,2019-03-01 05:01:06 UTC,2019-03-01 05:01:06 UTC
23,Article 25,Jenny Smith,Content,2019-02-27 06:01:06 UTC,2019-03-01 05:01:06 UTC,2019-03-01 05:01:06 UTC
24,Article 26,Clara Oswald,Content,2019-02-27 07:01:06 UTC,2019-03-01 05:01:06 UTC,2019-03-01 05:01:06 UTC
25,Article 27,Jenny Smith,Content,2019-02-27 08:01:06 UTC,2019-03-01 05:01:06 UTC,2019-03-01 05:01:06 UTC
26,Article 28,Clara Oswald,Content,2019-02-27 09:01:06 UTC,2019-03-01 05:01:06 UTC,2019-03-01 05:01:06 UTC
27,Article 29,Jenny Smith,Content,2019-02-27 10:01:06 UTC,2019-03-01 05:01:06 UTC,2019-03-01 05:01:06 UTC
28,Article 30,Clara Oswald,Content,2019-02-27 11:01:06 UTC,2019-03-01 05:01:06 UTC,2019-03-01 05:01:06 UTC
29,Article 31,Jenny Smith,Content,2019-02-27 12:01:06 UTC,2019-03-01 05:01:06 UTC,2019-03-01 05:01:06 UTC
30,Article 32,Clara Oswald,Content,2019-02-27 13:01:06 UTC,2019-03-01 05:01:06 UTC,2019-03-01 05:01:06 UTC
31,Article 33,Jenny Smith,Content,2019-02-27 14:01:06 UTC,2019-03-01 05:01:06 UTC,2019-03-01 05:01:06 UTC
32,Article 34,Clara Oswald,Content,2019-02-27 15:01:06 UTC,2019-03-01 05:01:06 UTC,2019-03-01 05:01:06 UTC
33,Article 35,Jenny Smith,Content,2019-02-27 16:01:06 UTC,2019-03-01 05:01:06 UTC,2019-03-01 05:01:06 UTC
34,Article 36,Clara Oswald,Content,2019-02-27 17:01:06 UTC,2019-03-01 05:01:06 UTC,2019-03-01 05:01:06 UTC
35,Article 37,Jenny Smith,Content,2019-02-27 18:01:06 UTC,2019-03-01 05:01:06 UTC,2019-03-01 05:01:06 UTC
36,Article 38,Clara Oswald,Content,2019-02-27 19:01:06 UTC,2019-03-01 05:01:06 UTC,2019-03-01 05:01:06 UTC
37,Article 39,Jenny Smith,Content,2019-02-27 20:01:06 UTC,2019-03-01 05:01:06 UTC,2019-03-01 05:01:06 UTC
38,Article 40,Clara Oswald,Content,2019-02-27 21:01:06 UTC,2019-03-01 05:01:06 UTC,2019-03-01 05:01:06 UTC
39,Article 41,Jenny Smith,Content,2019-02-27 22:01:06 UTC,2019-03-01 05:01:06 UTC,2019-03-01 05:01:06 UTC
40,Article 42,Clara Oswald,Content,2019-02-27 23:01:06 UTC,2019-03-01 05:01:06 UTC,2019-03-01 05:01:06 UTC
41,Article 43,Jenny Smith,Content,2019-02-28 00:01:06 UTC,2019-03-01 05:01:06 UTC,2019-03-01 05:01:06 UTC
42,Article 44,Clara Oswald,Content,2019-02-28 01:01:06 UTC,2019-03-01 05:01:06 UTC,2019-03-01 05:01:06 UTC
43,Article 45,Jenny Smith,Content,2019-02-28 02:01:06 UTC,2019-03-01 05:01:06 UTC,2019-03-01 05:01:06 UTC
44,Article 46,Clara Oswald,Content,2019-02-28 03:01:06 UTC,2019-03-01 05:01:06 UTC,2019-03-01 05:01:06 UTC
45,Article 47,Jenny Smith,Content,2019-02-28 04:01:06 UTC,2019-03-01 05:01:06 UTC,2019-03-01 05:01:06 UTC
46,Article 48,Clara Oswald,Content,2019-02-28 05:01:06 UTC,2019-03-01 05:01:06 UTC,2019-03-01 05:01:06 UTC
47,Article 49,Jenny Smith,Content,2019-02-28 06:01:06 UTC,2019-03-01 05:01:06 UTC,2019-03-01 05:01:06 UTC
48,Article 50,Clara Oswald,Content,2019-02-28 07:01:06 UTC,2019-03-01 05:01:06 UTC,2019-03-01 05:01:06 UTC
49,Article 51,Jenny Smith,Content,2019-02-28 08:01:06 UTC,2019-03-01 05:01:06 UTC,2019-03-01 05:01:06 UTC
50,Article 52,Clara Oswald,Content,2019-02-28 09:01:06 UTC,2019-03-01 05:01:06 UTC,2019-03-01 05:01:06 UTC
51,Article 53,Jenny Smith,Content,2019-02-28 10:01:06 UTC,2019-03-01 05:01:06 UTC,2019-03-01 05:01:06 UTC
52,Article 54,Clara Oswald,Content,2019-02-28 11:01:06 UTC,2019-03-01 05:01:06 UTC,2019-03-01 05:01:06 UTC
53,Article 55,Jenny Smith,Content,2019-02-28 12:01:06 UTC,2019-03-01 05:01:06 UTC,2019-03-01 05:01:06 UTC
54,Article 56,Clara Oswald,Content,2019-02-28 13:01:06 UTC,2019-03-01 05:01:06 UTC,2019-03-01 05:01:06 UTC
55,Article 57,Jenny Smith,Content,2019-02-28 14:01:06 UTC,2019-03-01 05:01:06 UTC,2019-03-01 05:01:06 UTC
56,Article 58,Clara Oswald,Content,2019-02-28 15:01:06 UTC,2019-03-01 05:01:06 UTC,2019-03-01 05:01:06 UTC
57,Article 59,Jenny Smith,Content,2019-02-28 16:01:06 UTC,2019-03-01 05:01:06 UTC,2019-03-01 05:01:06 UTC
58,Article 60,Clara Oswald,Content,2019-02-28 17:01:06 UTC,2019-03-01 05:01:06 UTC,2019-03-01 05:01:06 UTC
59,Article 61,Jenny Smith,Content,2019-02-28 18:01:06 UTC,2019-03-01 05:01:06 UTC,2019-03-01 05:01:06 UTC
60,Article 62,Clara Oswald,Content,2019-02-28 19:01:06 UTC,2019-03-01 05:01:06 UTC,2019-03-01 05:01:06 UTC
61,Article 63,Jenny Smith,Content,2019-02-28 20:01:06 UTC,2019-03-01 05:01:06 UTC,2019-03-01 05:01:06 UTC
62,Article 64,Clara Oswald,Content,2019-02-28 21:01:06 UTC,2019-03-01 05:01:06 UTC,2019-03-01 05:01:06 UTC
63,Article 65,Jenny Smith,Content,2019-02-28 22:01:06 UTC,2019-03-01 05:01:06 UTC,2019-03-01 05:01:06 UTC
64,Article 66,Clara Oswald,Content,2019-02-28 23:01:06 UTC,2019-03-01 05:01:06 UTC,2019-03-01 05:01:06 UTC
65,Article 67,Jenny Smith,Content,2019-03-01 00:01:06 UTC,2019-03-01 05:01:06 UTC,2019-03-01 05:01:06 UTC
66,Article 68,Clara Oswald,Content,2019-03-01 01:01:06 UTC,2019-03-01 05:01:06 UTC,2019-03-01 05:01:06 UTC
67,Article 69,Jenny Smith,Content,2019-03-01 02:01:06 UTC,2019-03-01 05:01:06 UTC,2019-03-01 05:01:06 UTC
68,Article 70,Clara Oswald,Content,2019-03-01 03:01:06 UTC,2019-03-01 05:01:06 UTC,2019-03-01 05:01:06 UTC
69,Article 71,Jenny Smith,Content,2019-03-01 04:01:06 UTC,2019-03-01 05:01:06 UTC,2019-03-01 05:01:06 UTC
70,Article 72,Clara Oswald,Content,2019-03-01 05:01:06 UTC,2019-03-01 05:01:06 UTC,2019-03-01 05:01:06 UTC
71,Article 73,Jenny Smith,Content,2019-03-01 06:01:06 UTC,2019-03-01 05:01:06 UTC,2019-03-01 05:01:06 UTC
72,Article 74,Clara Oswald,Content,2019-03-01 07:01:06 UTC,2019-03-01 05:01:06 UTC,2019-03-01 05:01:06 UTC
73,Article 75,Jenny Smith,Content,2019-03-01 08:01:06 UTC,2019-03-01 05:01:06 UTC,2019-03-01 05:01:06 UTC
74,Article 76,Clara Oswald,Content,2019-03-01 09:01:06 UTC,2019-03-01 05:01:06 UTC,2019-03-01 05:01:06 UTC
75,Article 77,Jenny Smith,Content,2019-03-01 10:01:06 UTC,2019-03-01 05:01:06 UTC,2019-03-01 05:01:06 UTC
76,Article 78,Clara Oswald,Content,2019-03-01 11:01:06 UTC,2019-03-01 05:01:06 UTC,2019-03-01 05:01:06 UTC
77,Article 79,Jenny Smith,Content,2019-03-01 12:01:06 UTC,2019-03-01 05:01:06 UTC,2019-03-01 05:01:06 UTC
78,Article 80,Clara Oswald,Content,2019-03-01 13:01:06 UTC,2019-03-01 05:01:06 UTC,2019-03-01 05:01:06 UTC
79,Article 81,Jenny Smith,Content,2019-03-01 14:01:06 UTC,2019-03-01 05:01:06 UTC,2019-03-01 05:01:06 UTC
80,Article 82,Clara Oswald,Content,2019-03-01 15:01:06 UTC,2019-03-01 05:01:07 UTC,2019-03-01 05:01:07 UTC
81,Article 83,Jenny Smith,Content,2019-03-01 16:01:07 UTC,2019-03-01 05:01:07 UTC,2019-03-01 05:01:07 UTC
82,Article 84,Clara Oswald,Content,2019-03-01 17:01:07 UTC,2019-03-01 05:01:07 UTC,2019-03-01 05:01:07 UTC
83,Article 85,Jenny Smith,Content,2019-03-01 18:01:07 UTC,2019-03-01 05:01:07 UTC,2019-03-01 05:01:07 UTC
84,Article 86,Clara Oswald,Content,2019-03-01 19:01:07 UTC,2019-03-01 05:01:07 UTC,2019-03-01 05:01:07 UTC
85,Article 87,Jenny Smith,Content,2019-03-01 20:01:07 UTC,2019-03-01 05:01:07 UTC,2019-03-01 05:01:07 UTC
86,Article 88,Clara Oswald,Content,2019-03-01 21:01:07 UTC,2019-03-01 05:01:07 UTC,2019-03-01 05:01:07 UTC
87,Article 89,Jenny Smith,Content,2019-03-01 22:01:07 UTC,2019-03-01 05:01:07 UTC,2019-03-01 05:01:07 UTC
88,Article 90,Clara Oswald,Content,2019-03-01 23:01:07 UTC,2019-03-01 05:01:07 UTC,2019-03-01 05:01:07 UTC
89,Article 91,Jenny Smith,Content,2019-03-02 00:01:07 UTC,2019-03-01 05:01:07 UTC,2019-03-01 05:01:07 UTC
90,Article 92,Clara Oswald,Content,2019-03-02 01:01:07 UTC,2019-03-01 05:01:07 UTC,2019-03-01 05:01:07 UTC
91,Article 93,Jenny Smith,Content,2019-03-02 02:01:07 UTC,2019-03-01 05:01:07 UTC,2019-03-01 05:01:07 UTC
92,Article 94,Clara Oswald,Content,2019-03-02 03:01:07 UTC,2019-03-01 05:01:07 UTC,2019-03-01 05:01:07 UTC
93,Article 95,Jenny Smith,Content,2019-03-02 04:01:07 UTC,2019-03-01 05:01:07 UTC,2019-03-01 05:01:07 UTC
94,Article 96,Clara Oswald,Content,2019-03-02 05:01:07 UTC,2019-03-01 05:01:07 UTC,2019-03-01 05:01:07 UTC
95,Article 97,Jenny Smith,Content,2019-03-02 06:01:07 UTC,2019-03-01 05:01:07 UTC,2019-03-01 05:01:07 UTC
96,Article 98,Clara Oswald,Content,2019-03-02 07:01:07 UTC,2019-03-01 05:01:07 UTC,2019-03-01 05:01:07 UTC
97,Article 99,Jenny Smith,Content,2019-03-02 08:01:07 UTC,2019-03-01 05:01:07 UTC,2019-03-01 05:01:07 UTC
98,Article 100,Clara Oswald,Content,2019-03-02 09:01:07 UTC,2019-03-01 05:01:07 UTC,2019-03-01 05:01:07 UTC
99,Article One,Clara Oswald,Content,2019-03-08 05:01:07 UTC,2019-03-01 05:01:07 UTC,2019-03-01 05:01:07 UTC
100,Article Two,Clara Oswald,Content,2019-02-22 05:01:07 UTC,2019-03-01 05:01:07 UTC,2019-03-01 05:01:07 UTC
101,Article Three,Clara Oswald,Content,,2019-03-01 05:01:07 UTC,2019-03-01 05:01:07 UTC
